{
  "timestamp": 1746754543.558414,
  "metrics": {
    "avg_latency_ms": 1184.7857645154,
    "max_latency_ms": 2113.301992416382,
    "min_latency_ms": 1026.8800258636475,
    "success_rate": 100.0,
    "uptime_percentage": 100.0,
    "memory_usage_bytes": 73318400,
    "memory_change_percentage": -61.19493583073188,
    "total_transactions": 29,
    "peak_transactions_per_minute": 4,
    "sharpe_ratio": 0
  }
}